cohort,support,method,defined_events,defined_actor_rows,cohort_events,global_events,coverage_of_cohort,coverage_of_global_48,safe_success,new_non_nominal_actions,actor_calls,mean_prefix_k,fallback_event_count,diagnostic_only,formal_positive_evidence_allowed,new_idea_generated
all_contaminated,restricted_support,action_disagreement,48,144,48,48,1.0,1.0,0.12499999999999999,226.75694444444443,64.29166666666667,15.541666666666666,0,True,False,False
all_contaminated,full_support,action_disagreement,48,144,48,48,1.0,1.0,0.12499999999999999,226.75694444444443,64.29166666666667,15.541666666666666,0,True,False,False
all_contaminated,restricted_support,fixed_delay_1,48,144,48,48,1.0,1.0,0.09722222222222221,244.79166666666666,67.66666666666667,3.0,0,True,False,False
all_contaminated,full_support,fixed_delay_1,48,144,48,48,1.0,1.0,0.09722222222222221,244.79166666666666,67.66666666666667,3.0,0,True,False,False
all_contaminated,restricted_support,fixed_delay_2,48,144,48,48,1.0,1.0,0.10416666666666667,243.1388888888889,67.16666666666667,4.0,0,True,False,False
all_contaminated,full_support,fixed_delay_2,48,144,48,48,1.0,1.0,0.10416666666666667,243.1388888888889,67.16666666666667,4.0,0,True,False,False
all_contaminated,restricted_support,fixed_delay_4,48,144,48,48,1.0,1.0,0.09027777777777778,244.4722222222222,66.85416666666667,6.0,0,True,False,False
all_contaminated,full_support,fixed_delay_4,48,144,48,48,1.0,1.0,0.09027777777777778,244.4722222222222,66.85416666666667,6.0,0,True,False,False
all_contaminated,restricted_support,fixed_delay_8,48,144,48,48,1.0,1.0,0.11805555555555554,230.8888888888889,65.85416666666667,10.0,0,True,False,False
all_contaminated,full_support,fixed_delay_8,48,144,48,48,1.0,1.0,0.11805555555555554,230.8888888888889,65.85416666666667,10.0,0,True,False,False
all_contaminated,restricted_support,immediate_fresh_h16,48,144,48,48,1.0,1.0,0.16666666666666666,228.88194444444446,67.85416666666667,2.0,0,True,False,False
all_contaminated,full_support,immediate_fresh_h16,48,144,48,48,1.0,1.0,0.16666666666666666,228.88194444444446,67.85416666666667,2.0,0,True,False,False
all_contaminated,restricted_support,k_last_observed_safe,28,84,48,48,0.5833333333333334,0.5833333333333334,0.08333333333333333,235.6428571428571,63.82142857142857,16.0,0,True,False,False
all_contaminated,full_support,k_last_observed_safe,28,84,48,48,0.5833333333333334,0.5833333333333334,0.12499999999999999,231.28472222222226,65.6875,10.166666666666666,20,True,False,False
all_contaminated,restricted_support,k_last_recoverable,21,63,48,48,0.4375,0.4375,0.38095238095238093,184.34920634920633,67.47619047619048,14.857142857142858,0,True,False,False
all_contaminated,full_support,k_last_recoverable,21,63,48,48,0.4375,0.4375,0.19444444444444445,220.1875,66.4375,7.625,27,True,False,False
all_contaminated,restricted_support,velocity_phase,48,144,48,48,1.0,1.0,0.13888888888888887,227.0625,65.29166666666667,11.895833333333334,0,True,False,False
all_contaminated,full_support,velocity_phase,48,144,48,48,1.0,1.0,0.13888888888888887,227.0625,65.29166666666667,11.895833333333334,0,True,False,False
replay_valid_subset,restricted_support,action_disagreement,34,102,34,48,1.0,0.7083333333333334,0.06862745098039215,234.81372549019608,62.61764705882353,15.352941176470589,0,True,False,False
replay_valid_subset,full_support,action_disagreement,34,102,34,48,1.0,0.7083333333333334,0.06862745098039215,234.81372549019608,62.61764705882353,15.352941176470589,0,True,False,False
replay_valid_subset,restricted_support,fixed_delay_1,34,102,34,48,1.0,0.7083333333333334,0.058823529411764705,247.7549019607843,66.05882352941177,3.0,0,True,False,False
replay_valid_subset,full_support,fixed_delay_1,34,102,34,48,1.0,0.7083333333333334,0.058823529411764705,247.7549019607843,66.05882352941177,3.0,0,True,False,False
replay_valid_subset,restricted_support,fixed_delay_2,34,102,34,48,1.0,0.7083333333333334,0.0392156862745098,252.90196078431376,65.44117647058823,4.0,0,True,False,False
replay_valid_subset,full_support,fixed_delay_2,34,102,34,48,1.0,0.7083333333333334,0.0392156862745098,252.90196078431376,65.44117647058823,4.0,0,True,False,False
replay_valid_subset,restricted_support,fixed_delay_4,34,102,34,48,1.0,0.7083333333333334,0.04901960784313725,247.09803921568624,65.20588235294117,6.0,0,True,False,False
replay_valid_subset,full_support,fixed_delay_4,34,102,34,48,1.0,0.7083333333333334,0.04901960784313725,247.09803921568624,65.20588235294117,6.0,0,True,False,False
replay_valid_subset,restricted_support,fixed_delay_8,34,102,34,48,1.0,0.7083333333333334,0.0784313725490196,233.5686274509804,64.20588235294117,10.0,0,True,False,False
replay_valid_subset,full_support,fixed_delay_8,34,102,34,48,1.0,0.7083333333333334,0.0784313725490196,233.5686274509804,64.20588235294117,10.0,0,True,False,False
replay_valid_subset,restricted_support,immediate_fresh_h16,34,102,34,48,1.0,0.7083333333333334,0.12745098039215685,232.66666666666669,66.20588235294117,2.0,0,True,False,False
replay_valid_subset,full_support,immediate_fresh_h16,34,102,34,48,1.0,0.7083333333333334,0.12745098039215685,232.66666666666669,66.20588235294117,2.0,0,True,False,False
replay_valid_subset,restricted_support,k_last_observed_safe,28,84,34,48,0.8235294117647058,0.5833333333333334,0.08333333333333333,235.6428571428571,63.82142857142857,16.0,0,True,False,False
replay_valid_subset,full_support,k_last_observed_safe,28,84,34,48,0.8235294117647058,0.5833333333333334,0.06862745098039215,236.05882352941177,63.14705882352941,13.529411764705882,6,True,False,False
replay_valid_subset,restricted_support,k_last_recoverable,9,27,34,48,0.2647058823529412,0.1875,0.4444444444444444,176.2962962962963,66.11111111111111,14.11111111111111,0,True,False,False
replay_valid_subset,full_support,k_last_recoverable,9,27,34,48,0.2647058823529412,0.1875,0.14705882352941174,229.23529411764707,65.38235294117646,5.205882352941177,25,True,False,False
replay_valid_subset,restricted_support,velocity_phase,34,102,34,48,1.0,0.7083333333333334,0.0784313725490196,236.5588235294118,63.8235294117647,11.176470588235293,0,True,False,False
replay_valid_subset,full_support,velocity_phase,34,102,34,48,1.0,0.7083333333333334,0.0784313725490196,236.5588235294118,63.8235294117647,11.176470588235293,0,True,False,False
